<?xml version="1.0" encoding="UTF-8"?>
<avr-tools-device-file
  xmlns:xalan="http://xml.apache.org/xalan"
  xmlns:NumHelper="NumHelper"
  xmlns:xsi="http://www.w3.org/2001/XMLSchema-instance" schema-version="0.3" xsi:noNamespaceSchemaLocation="../../schema/avr_tools_device_file.xsd">
  <variants>
    <variant ordercode="ATtiny441-SSU" package="SOIC14" pinout="SOIC_14" speedmax="16000000" tempmax="85" tempmin="-40" vccmax="5.5" vccmin="1.7"/>
    <variant ordercode="ATtiny441-MU" package="MLF20" pinout="QFN_20" speedmax="16000000" tempmax="85" tempmin="-40" vccmax="5.5" vccmin="1.7"/>
    <variant ordercode="ATtiny441-MMH" package="VQFN20" pinout="QFN_20" speedmax="16000000" tempmax="85" tempmin="-40" vccmax="5.5" vccmin="1.7"/>
  </variants>
  <devices>
    <device name="ATtiny441" architecture="AVR8" family="tinyAVR">
      <address-spaces>
        <address-space endianness="little" name="prog" id="prog" start="0x0000" size="0x1000">
          <memory-segment start="0x0000" size="0x1000" type="flash" rw="RW" exec="1" name="FLASH" pagesize="0x10"/>
        </address-space>
        <address-space endianness="little" name="signatures" id="signatures" start="0" size="3">
          <memory-segment start="0" size="3" type="signatures" rw="R" exec="0" name="SIGNATURES"/>
        </address-space>
        <address-space endianness="little" name="fuses" id="fuses" start="0" size="0x0003">
          <memory-segment start="0" size="0x0003" type="fuses" rw="RW" exec="0" name="FUSES"/>
        </address-space>
        <address-space endianness="little" name="lockbits" id="lockbits" start="0" size="0x0001">
          <memory-segment start="0" size="0x0001" type="lockbits" rw="RW" exec="0" name="LOCKBITS"/>
        </address-space>
        <address-space endianness="little" name="data" id="data" start="0x0000" size="0x0300">
          <memory-segment external="false" type="regs" size="0x0020" start="0x0000" name="REGISTERS"/>
          <memory-segment name="MAPPED_IO" start="0x0020" size="0x00e0" type="io" external="false"/>
          <memory-segment name="IRAM" start="0x0100" size="0x0100" type="ram" external="false"/>
        </address-space>
        <address-space endianness="little" name="eeprom" id="eeprom" start="0x0000" size="0x0100">
          <memory-segment start="0x0000" size="0x0100" type="eeprom" rw="RW" exec="0" name="EEPROM" pagesize="0x04"/>
        </address-space>
        <address-space size="0x40" start="0x00" endianness="little" name="io" id="io"/>
        <address-space endianness="little" name="osccal" id="osccal" start="0" size="2">
          <memory-segment start="0" size="2" type="osccal" rw="R" exec="0" name="OSCCAL"/>
        </address-space>
      </address-spaces>
      <peripherals>
        <module name="PORT">
          <instance name="PORTB" caption="I/O Port">
            <register-group name="PORTB" name-in-module="PORTB" offset="0x00" address-space="data" caption="I/O Port"/>
            <signals>
              <signal function="PORTB" group="P" index="0" pad="PB0"/>
              <signal function="PORTB" group="P" index="1" pad="PB1"/>
              <signal function="PORTB" group="P" index="2" pad="PB2"/>
              <signal function="PORTB" group="P" index="3" pad="PB3"/>
            </signals>
          </instance>
          <instance name="PORTA" caption="I/O Port">
            <register-group name="PORTA" name-in-module="PORTA" offset="0x00" address-space="data" caption="I/O Port"/>
            <signals>
              <signal function="PORTA" group="P" index="0" pad="PA0"/>
              <signal function="PORTA" group="P" index="1" pad="PA1"/>
              <signal function="PORTA" group="P" index="2" pad="PA2"/>
              <signal function="PORTA" group="P" index="3" pad="PA3"/>
              <signal function="PORTA" group="P" index="4" pad="PA4"/>
              <signal function="PORTA" group="P" index="5" pad="PA5"/>
              <signal function="PORTA" group="P" index="6" pad="PA6"/>
              <signal function="PORTA" group="P" index="7" pad="PA7"/>
            </signals>
          </instance>
        </module>
        <module name="USART">
          <instance name="USART1" caption="USART">
            <register-group name="USART1" name-in-module="USART1" offset="0x00" address-space="data" caption="USART"/>
            <signals>
              <signal function="USART" group="RXD" pad="PA4"/>
              <signal function="USART" group="TXD" pad="PA5"/>
              <signal function="USART" group="XCK" pad="PA6"/>
            </signals>
          </instance>
          <instance name="USART0" caption="USART">
            <register-group name="USART0" name-in-module="USART0" offset="0x00" address-space="data" caption="USART"/>
            <signals>
              <signal field="U0MAP" function="USART" group="TXD" pad="PA1"/>
              <signal field="U0MAP" function="USART" group="RXD" pad="PA2"/>
              <signal field="U0MAP" function="USART" group="XCK" pad="PA3"/>
              <signal field="U0MAP" function="USART_ALT" group="TXD" pad="PA7"/>
              <signal field="U0MAP" function="USART_ALT" group="RXD" pad="PB2"/>
              <signal field="U0MAP" function="USART_ALT" group="XCK" pad="PA3"/>
            </signals>
          </instance>
        </module>
        <module name="WDT">
          <instance name="WDT" caption="Watchdog Timer">
            <register-group name="WDT" name-in-module="WDT" offset="0x00" address-space="data" caption="Watchdog Timer"/>
          </instance>
        </module>
        <module name="TWI">
          <instance name="TWI" caption="Two Wire Serial Interface">
            <register-group name="TWI" name-in-module="TWI" offset="0x00" address-space="data" caption="Two Wire Serial Interface"/>
            <signals>
              <signal function="TWI" group="SCL" pad="PA4"/>
              <signal function="TWI" group="SDA" pad="PA6"/>
            </signals>
          </instance>
        </module>
        <module name="ADC">
          <instance name="ADC" caption="Analog-to-Digital Converter">
            <register-group name="ADC" name-in-module="ADC" offset="0x00" address-space="data" caption="Analog-to-Digital Converter"/>
            <signals>
              <signal function="ADC" group="ADC" index="0" pad="PA0"/>
              <signal function="ADC" group="ADC" index="1" pad="PA1"/>
              <signal function="ADC" group="ADC" index="2" pad="PA2"/>
              <signal function="ADC" group="ADC" index="3" pad="PA3"/>
              <signal function="ADC" group="ADC" index="4" pad="PA4"/>
              <signal function="ADC" group="ADC" index="5" pad="PA5"/>
              <signal function="ADC" group="ADC" index="6" pad="PA6"/>
              <signal function="ADC" group="ADC" index="7" pad="PA7"/>
              <signal function="ADC" group="ADC" index="8" pad="PB2"/>
              <signal function="ADC" group="ADC" index="9" pad="PB3"/>
              <signal function="ADC" group="ADC" index="10" pad="PB0"/>
              <signal function="ADC" group="ADC" index="11" pad="PB1"/>
              <signal function="AREF" group="AREF" pad="PA0"/>
            </signals>
          </instance>
        </module>
        <module name="AC">
          <instance name="AC" caption="Analog Comparator">
            <register-group name="AC" name-in-module="AC" offset="0x00" address-space="data" caption="Analog Comparator"/>
            <signals>
              <signal function="ACIN0" group="AIN0" index="0" pad="PA1"/>
              <signal function="ACIN0" group="AIN0" index="1" pad="PA2"/>
              <signal function="ACOUT" group="ACO0" pad="PA5"/>
              <signal function="ACOUT" group="ACO1" pad="PA6"/>
              <signal function="ACIN1" group="AIN1" index="0" pad="PA3"/>
              <signal function="ACIN1" group="AIN1" index="1" pad="PA4"/>
            </signals>
          </instance>
        </module>
        <module name="EEPROM">
          <instance name="EEPROM" caption="EEPROM">
            <register-group name="EEPROM" name-in-module="EEPROM" offset="0x00" address-space="data" caption="EEPROM"/>
          </instance>
        </module>
        <module name="TC16">
          <instance name="TC1" caption="Timer/Counter, 16-bit">
            <register-group name="TC1" name-in-module="TC1" offset="0x00" address-space="data" caption="Timer/Counter, 16-bit"/>
            <signals>
              <signal function="OC" group="TOCC" index="0" pad="PA1"/>
              <signal function="OC" group="TOCC" index="1" pad="PA2"/>
              <signal function="OC" group="TOCC" index="2" pad="PA3"/>
              <signal function="OC" group="TOCC" index="3" pad="PA4"/>
              <signal function="OC" group="TOCC" index="4" pad="PA5"/>
              <signal function="OC" group="TOCC" index="5" pad="PA6"/>
              <signal function="OC" group="TOCC" index="6" pad="PA7"/>
              <signal function="OC" group="TOCC" index="7" pad="PB2"/>
              <signal function="CS" group="T0" pad="PA3"/>
              <signal function="CS" group="T1" pad="PA4"/>
              <signal function="CS" group="T2" pad="PA5"/>
              <signal function="ICP" group="ICP1" pad="PA7"/>
            </signals>
          </instance>
        </module>
        <module name="TC8_ASYNC">
          <instance name="TC2" caption="Timer/Counter, 8-bit Async">
            <register-group name="TC2" name-in-module="TC2" offset="0x00" address-space="data" caption="Timer/Counter, 8-bit Async"/>
            <signals>
              <signal function="OC" group="TOCC" index="0" pad="PA1"/>
              <signal function="OC" group="TOCC" index="1" pad="PA2"/>
              <signal function="OC" group="TOCC" index="2" pad="PA3"/>
              <signal function="OC" group="TOCC" index="3" pad="PA4"/>
              <signal function="OC" group="TOCC" index="4" pad="PA5"/>
              <signal function="OC" group="TOCC" index="5" pad="PA6"/>
              <signal function="OC" group="TOCC" index="6" pad="PA7"/>
              <signal function="OC" group="TOCC" index="7" pad="PB2"/>
              <signal function="CS" group="T0" pad="PA3"/>
              <signal function="CS" group="T1" pad="PA4"/>
              <signal function="CS" group="T2" pad="PA5"/>
              <signal function="ICP" group="ICP2" pad="PB2"/>
            </signals>
          </instance>
        </module>
        <module name="TC8">
          <instance name="TC0" caption="Timer/Counter, 8-bit">
            <register-group name="TC0" name-in-module="TC0" offset="0x00" address-space="data" caption="Timer/Counter, 8-bit"/>
            <signals>
              <signal function="OC" group="TOCC" index="0" pad="PA1"/>
              <signal function="OC" group="TOCC" index="0" pad="PA2"/>
              <signal function="OC" group="TOCC" index="0" pad="PA3"/>
              <signal function="OC" group="TOCC" index="0" pad="PA4"/>
              <signal function="OC" group="TOCC" index="0" pad="PA5"/>
              <signal function="OC" group="TOCC" index="0" pad="PA6"/>
              <signal function="OC" group="TOCC" index="0" pad="PA7"/>
              <signal function="OC" group="TOCC" index="0" pad="PB2"/>
              <signal function="CS" group="T0" pad="PA3"/>
              <signal function="CS" group="T1" pad="PA4"/>
              <signal function="CS" group="T2" pad="PA5"/>
            </signals>
          </instance>
        </module>
        <module name="EXINT">
          <instance name="EXINT" caption="External Interrupts">
            <register-group name="EXINT" name-in-module="EXINT" offset="0x00" address-space="data" caption="External Interrupts"/>
            <signals>
              <signal function="EXTINT" group="PCINT" index="0" pad="PA0"/>
              <signal function="EXTINT" group="PCINT" index="1" pad="PA1"/>
              <signal function="EXTINT" group="PCINT" index="2" pad="PA2"/>
              <signal function="EXTINT" group="PCINT" index="3" pad="PA3"/>
              <signal function="EXTINT" group="PCINT" index="4" pad="PA4"/>
              <signal function="EXTINT" group="PCINT" index="5" pad="PA5"/>
              <signal function="EXTINT" group="PCINT" index="6" pad="PA6"/>
              <signal function="EXTINT" group="PCINT" index="7" pad="PA7"/>
              <signal function="EXTINT" group="PCINT" index="8" pad="PB0"/>
              <signal function="EXTINT" group="PCINT" index="9" pad="PB1"/>
              <signal function="EXTINT" group="PCINT" index="10" pad="PB2"/>
              <signal function="EXTINT" group="PCINT" index="11" pad="PB3"/>
              <signal function="EXTINT" group="INT" index="0" pad="PB1"/>
            </signals>
          </instance>
        </module>
        <module name="CPU">
          <instance name="CPU" caption="CPU Registers">
            <register-group name="CPU" name-in-module="CPU" offset="0x00" address-space="data" caption="CPU Registers"/>
          </instance>
        </module>
        <module name="TOCPM">
          <instance name="TOCPM" caption="Timer/Counter Output Compare Pin">
            <register-group name="TOCPM" name-in-module="TOCPM" offset="0x00" address-space="data" caption="Timer/Counter Output Compare Pin"/>
          </instance>
        </module>
        <module name="SPI">
          <instance name="SPI" caption="Serial Peripheral Interface">
            <register-group name="SPI" name-in-module="SPI" offset="0x00" address-space="data" caption="Serial Peripheral Interface"/>
            <signals>
              <signal field="SPIMAP" function="SPI_ALT" group="MISO" pad="PA0"/>
              <signal field="SPIMAP" function="SPI_ALT" group="MOSI" pad="PA1"/>
              <signal field="SPIMAP" function="SPI_ALT" group="SS" pad="PA2"/>
              <signal field="SPIMAP" function="SPI_ALT" group="SCK" pad="PA3"/>
              <signal field="SPIMAP" function="SPI" group="SCK" pad="PA4"/>
              <signal field="SPIMAP" function="SPI" group="MISO" pad="PA5"/>
              <signal field="SPIMAP" function="SPI" group="MOSI" pad="PA6"/>
              <signal field="SPIMAP" function="SPI" group="SS" pad="PA7"/>
            </signals>
          </instance>
        </module>
        <module name="FUSE">
          <instance name="FUSE" caption="Fuses">
            <register-group name="FUSE" name-in-module="FUSE" offset="0" address-space="fuses" caption="Fuses"/>
          </instance>
        </module>
        <module name="LOCKBIT">
          <instance name="LOCKBIT" caption="Lockbits">
            <register-group name="LOCKBIT" name-in-module="LOCKBIT" offset="0" address-space="lockbits" caption="Lockbits"/>
          </instance>
        </module>
      </peripherals>
      <interrupts>
        <interrupt index="0" name="RESET" caption="External Pin, Power-on Reset, Brown-out Reset and Watchdog Reset"/>
        <interrupt index="1" name="INT0" caption="External Interrupt Request 0"/>
        <interrupt index="2" name="PCINT0" caption="Pin Change Interrupt Request 0"/>
        <interrupt index="3" name="PCINT1" caption="Pin Change Interrupt Request 1"/>
        <interrupt index="4" name="WDT" caption="Watchdog Time-out Interrupt"/>
        <interrupt index="5" name="TIMER1_CAPT" caption="Timer/Counter1 Capture Event"/>
        <interrupt index="6" name="TIMER1_COMPA" caption="Timer/Counter1 Compare Match A"/>
        <interrupt index="7" name="TIMER1_COMPB" caption="Timer/Counter1 Compare Match B"/>
        <interrupt index="8" name="TIMER1_OVF" caption="Timer/Counter1 Overflow"/>
        <interrupt index="9" name="TIMER0_COMPA" caption="TimerCounter0 Compare Match A"/>
        <interrupt index="10" name="TIMER0_COMPB" caption="TimerCounter0 Compare Match B"/>
        <interrupt index="11" name="TIMER0_OVF" caption="Timer/Couner0 Overflow"/>
        <interrupt index="12" name="ANA_COMP0" caption="Analog Comparator 0"/>
        <interrupt index="13" name="ADC" caption="ADC Conversion Complete"/>
        <interrupt index="14" name="EE_RDY" caption="EEPROM Ready"/>
        <interrupt index="15" name="ANA_COMP1" caption="Analog Comparator 1"/>
        <interrupt index="16" name="TIMER2_CAPT" caption="Timer/Counter2 Capture Event"/>
        <interrupt index="17" name="TIMER2_COMPA" caption="Timer/Counter2 Compare Match A"/>
        <interrupt index="18" name="TIMER2_COMPB" caption="Timer/Counter2 Compare Match B"/>
        <interrupt index="19" name="TIMER2_OVF" caption="Timer/Counter2 Overflow"/>
        <interrupt index="20" name="SPI" caption="Serial Peripheral Interface"/>
        <interrupt index="21" name="USART0_START" caption="USART0, Start"/>
        <interrupt index="22" name="USART0_RX" caption="USART0, Rx Complete"/>
        <interrupt index="23" name="USART0_UDRE" caption="USART0 Data Register Empty"/>
        <interrupt index="24" name="USART0_TX" caption="USART0, Tx Complete"/>
        <interrupt index="25" name="USART1_START" caption="USART1, Start"/>
        <interrupt index="26" name="USART1_RX" caption="USART1, Rx Complete"/>
        <interrupt index="27" name="USART1_UDRE" caption="USART1 Data Register Empty"/>
        <interrupt index="28" name="USART1_TX" caption="USART1, Tx Complete"/>
        <interrupt index="29" name="TWI_SLAVE" caption="Two-wire Serial Interface"/>
      </interrupts>
      <interfaces>
        <interface name="ISP" type="isp"/>
        <interface name="HVSP" type="hvsp"/>
        <interface name="debugWIRE" type="dw"/>
      </interfaces>
      <property-groups>
        <property-group name="SIGNATURES">
          <property name="JTAGID" value="0x9215"/>
          <property name="SIGNATURE0" value="0x1e"/>
          <property name="SIGNATURE1" value="0x92"/>
          <property name="SIGNATURE2" value="0x15"/>
        </property-group>
        <property-group name="OCD">
          <property name="OCD_REVISION" value="1"/>
          <property name="OCD_DATAREG" value="0x27"/>
          <property name="PROGBASE" value="0x0000"/>
          <property name="BUFFERS_PER_FLASH_PAGE" value="4"/>
        </property-group>
        <property-group name="JTAG_INTERFACE">
          <property name="ALLOWFULLPAGESTREAM" value="0x00"/>
        </property-group>
        <property-group name="ISP_INTERFACE_STK600">
          <property name="IspEnterProgMode_timeout" value="200"/>
          <property name="IspEnterProgMode_stabDelay" value="100"/>
          <property name="IspEnterProgMode_cmdexeDelay" value="25"/>
          <property name="IspEnterProgMode_synchLoops" value="32"/>
          <property name="IspEnterProgMode_byteDelay" value="0"/>
          <property name="IspEnterProgMode_pollIndex" value="3"/>
          <property name="IspEnterProgMode_pollValue" value="0x53"/>
          <property name="IspLeaveProgMode_preDelay" value="1"/>
          <property name="IspLeaveProgMode_postDelay" value="1"/>
          <property name="IspChipErase_eraseDelay" value="45"/>
          <property name="IspChipErase_pollMethod" value="1"/>
          <property name="IspProgramFlash_mode" value="0x41"/>
          <property name="IspProgramFlash_blockSize" value="16"/>
          <property name="IspProgramFlash_delay" value="6"/>
          <property name="IspProgramFlash_cmd1" value="0x40"/>
          <property name="IspProgramFlash_cmd2" value="0x4C"/>
          <property name="IspProgramFlash_cmd3" value="0x00"/>
          <property name="IspProgramFlash_pollVal1" value="0x00"/>
          <property name="IspProgramFlash_pollVal2" value="0x00"/>
          <property name="IspProgramEeprom_mode" value="0x41"/>
          <property name="IspProgramEeprom_blockSize" value="4"/>
          <property name="IspProgramEeprom_delay" value="5"/>
          <property name="IspProgramEeprom_cmd1" value="0xC1"/>
          <property name="IspProgramEeprom_cmd2" value="0xC2"/>
          <property name="IspProgramEeprom_cmd3" value="0x00"/>
          <property name="IspProgramEeprom_pollVal1" value="0x00"/>
          <property name="IspProgramEeprom_pollVal2" value="0x00"/>
          <property name="IspReadFlash_blockSize" value="256"/>
          <property name="IspReadEeprom_blockSize" value="256"/>
          <property name="IspReadFuse_pollIndex" value="4"/>
          <property name="IspReadLock_pollIndex" value="4"/>
          <property name="IspReadSign_pollIndex" value="4"/>
          <property name="IspReadOsccal_pollIndex" value="4"/>
        </property-group>
        <property-group name="HVSP_INTERFACE_STK600">
          <property name="HvspControlStack" value="0x4C 0x0C 0x1C 0x2C 0x3C 0x64 0x74 0x66 0x68 0x78 0x68 0x68 0x7A 0x6A 0x68 0x78 0x78 0x7D 0x6D 0x0C 0x80 0x40 0x20 0x10 0x11 0x08 0x04 0x02 0x03 0x08 0x04 0x0F"/>
          <property name="HvspEnterProgMode_stabDelay" value="100"/>
          <property name="HvspEnterProgMode_cmdexeDelay" value="0"/>
          <property name="HvspEnterProgMode_synchCycles" value="6"/>
          <property name="HvspEnterProgMode_latchCycles" value="1"/>
          <property name="HvspEnterProgMode_toggleVtg" value="1"/>
          <property name="HvspEnterProgMode_powoffDelay" value="20"/>
          <property name="HvspEnterProgMode_resetDelay1" value="0"/>
          <property name="HvspEnterProgMode_resetDelay2" value="70"/>
          <property name="HvspLeaveProgMode_stabDelay" value="100"/>
          <property name="HvspLeaveProgMode_resetDelay" value="25"/>
          <property name="HvspChipErase_pollTimeout" value="40"/>
          <property name="HvspChipErase_eraseTime" value="0"/>
          <property name="HvspProgramFlash_mode" value="0x07"/>
          <property name="HvspProgramFlash_blockSize" value="256"/>
          <property name="HvspProgramFlash_pollTimeout" value="5"/>
          <property name="HvspReadFlash_blockSize" value="256"/>
          <property name="HvspProgramEeprom_mode" value="0x05"/>
          <property name="HvspProgramEeprom_blockSize" value="256"/>
          <property name="HvspProgramEeprom_pollTimeout" value="5"/>
          <property name="HvspReadEeprom_blockSize" value="256"/>
          <property name="HvspProgramFuse_pollTimeout" value="25"/>
          <property name="HvspProgramLock_pollTimeout" value="25"/>
        </property-group>
        <property-group name="ISP_INTERFACE">
          <property name="IspEnterProgMode_timeout" value="200"/>
          <property name="IspEnterProgMode_stabDelay" value="100"/>
          <property name="IspEnterProgMode_cmdexeDelay" value="25"/>
          <property name="IspEnterProgMode_synchLoops" value="32"/>
          <property name="IspEnterProgMode_byteDelay" value="0"/>
          <property name="IspEnterProgMode_pollIndex" value="3"/>
          <property name="IspEnterProgMode_pollValue" value="0x53"/>
          <property name="IspLeaveProgMode_preDelay" value="1"/>
          <property name="IspLeaveProgMode_postDelay" value="1"/>
          <property name="IspChipErase_eraseDelay" value="45"/>
          <property name="IspChipErase_pollMethod" value="1"/>
          <property name="IspProgramFlash_mode" value="0x41"/>
          <property name="IspProgramFlash_blockSize" value="16"/>
          <property name="IspProgramFlash_delay" value="10"/>
          <property name="IspProgramFlash_cmd1" value="0x40"/>
          <property name="IspProgramFlash_cmd2" value="0x4C"/>
          <property name="IspProgramFlash_cmd3" value="0x00"/>
          <property name="IspProgramFlash_pollVal1" value="0x00"/>
          <property name="IspProgramFlash_pollVal2" value="0x00"/>
          <property name="IspProgramEeprom_mode" value="0x41"/>
          <property name="IspProgramEeprom_blockSize" value="4"/>
          <property name="IspProgramEeprom_delay" value="10"/>
          <property name="IspProgramEeprom_cmd1" value="0xC1"/>
          <property name="IspProgramEeprom_cmd2" value="0xC2"/>
          <property name="IspProgramEeprom_cmd3" value="0x00"/>
          <property name="IspProgramEeprom_pollVal1" value="0x00"/>
          <property name="IspProgramEeprom_pollVal2" value="0x00"/>
          <property name="IspReadFlash_blockSize" value="256"/>
          <property name="IspReadEeprom_blockSize" value="256"/>
          <property name="IspReadFuse_pollIndex" value="4"/>
          <property name="IspReadLock_pollIndex" value="4"/>
          <property name="IspReadSign_pollIndex" value="4"/>
          <property name="IspReadOsccal_pollIndex" value="4"/>
        </property-group>
        <property-group name="HVSP_INTERFACE">
          <property name="HvspControlStack" value="0x4C 0x0C 0x1C 0x2C 0x3C 0x64 0x74 0x66 0x68 0x78 0x68 0x68 0x7A 0x6A 0x68 0x78 0x78 0x7D 0x6D 0x0C 0x80 0x40 0x20 0x10 0x11 0x08 0x04 0x02 0x03 0x08 0x04 0x0F"/>
          <property name="HvspEnterProgMode_stabDelay" value="100"/>
          <property name="HvspEnterProgMode_cmdexeDelay" value="0"/>
          <property name="HvspEnterProgMode_synchCycles" value="6"/>
          <property name="HvspEnterProgMode_latchCycles" value="1"/>
          <property name="HvspEnterProgMode_toggleVtg" value="1"/>
          <property name="HvspEnterProgMode_powoffDelay" value="25"/>
          <property name="HvspEnterProgMode_resetDelay1" value="1"/>
          <property name="HvspEnterProgMode_resetDelay2" value="0"/>
          <property name="HvspLeaveProgMode_stabDelay" value="100"/>
          <property name="HvspLeaveProgMode_resetDelay" value="25"/>
          <property name="HvspChipErase_pollTimeout" value="40"/>
          <property name="HvspChipErase_eraseTime" value="0"/>
          <property name="HvspProgramFlash_mode" value="0x07"/>
          <property name="HvspProgramFlash_blockSize" value="256"/>
          <property name="HvspProgramFlash_pollTimeout" value="5"/>
          <property name="HvspReadFlash_blockSize" value="256"/>
          <property name="HvspProgramEeprom_mode" value="0x05"/>
          <property name="HvspProgramEeprom_blockSize" value="256"/>
          <property name="HvspProgramEeprom_pollTimeout" value="5"/>
          <property name="HvspReadEeprom_blockSize" value="256"/>
          <property name="HvspProgramFuse_pollTimeout" value="25"/>
          <property name="HvspProgramLock_pollTimeout" value="25"/>
        </property-group>
      </property-groups>
    </device>
  </devices>
  <modules>
    <module caption="Fuses" name="FUSE">
      <register-group caption="Fuses" name="FUSE">
        <register caption="" name="EXTENDED" offset="0x02" size="1" initval="0xFF">
          <bitfield caption="Frequency selection for internal ULP oscillator. The selection only affects system clock, watchdog and reset timeout always use 32 kHz clock." mask="0xE0" name="ULPOSCSEL" values="ENUM_ULPOSCSEL"/>
          <bitfield caption="BOD mode of operation when the device is in sleep mode" mask="0x18" name="BODPD" values="ENUM_BODMODE"/>
          <bitfield caption="BOD mode of operation when the device is active or idle" mask="0x06" name="BODACT" values="ENUM_BODMODE"/>
          <bitfield caption="Self Programming enable" mask="0x01" name="SELFPRGEN"/>
        </register>
        <register caption="" name="HIGH" offset="0x01" size="1" initval="0xDF">
          <bitfield caption="Reset Disabled (Enable PC2 as i/o pin)" mask="0x80" name="RSTDISBL"/>
          <bitfield caption="Debug Wire enable" mask="0x40" name="DWEN"/>
          <bitfield caption="Serial program downloading (SPI) enabled" mask="0x20" name="SPIEN"/>
          <bitfield caption="Watch-dog Timer always on" mask="0x10" name="WDTON"/>
          <bitfield caption="Preserve EEPROM through the Chip Erase cycle" mask="0x08" name="EESAVE"/>
          <bitfield caption="Brown-out Detector trigger level" mask="0x07" name="BODLEVEL" values="ENUM_BODLEVEL"/>
        </register>
        <register caption="" name="LOW" offset="0x00" size="1" initval="0x62">
          <bitfield caption="Divide clock by 8 internally" mask="0x80" name="CKDIV8"/>
          <bitfield caption="Clock output on PORTC2" mask="0x40" name="CKOUT"/>
          <bitfield caption="Select Clock Source" mask="0x1F" name="SUT_CKSEL" values="ENUM_SUT_CKSEL"/>
        </register>
      </register-group>
      <value-group caption="" name="ENUM_SUT_CKSEL">
        <value caption="Ext. Clock; Start-up time PWRDWN/RESET: 6 CK/16 CK + 16 ms" name="EXTCLK_6CK_16CK_16MS" value="0x00"/>
        <value caption="Int. RC Osc. 8 MHz; Start-up time PWRDWN/RESET: 6 CK/16 CK + 16 ms" name="INTRCOSC_8MHZ_6CK_16CK_16MS" value="0x02"/>
        <value caption="Int. ULP Osc.; Start-up time PWRDWN/RESET: 6 CK/16 CK + 16 ms" name="INTULPOSC_32KHZ_6CK_16CK_16MS" value="0x04"/>
        <value caption="Ext. Low-Freq. Crystal; Start-up time PWRDWN/RESET: 1K CK/16 CK + 16 ms" name="EXTLOFXTAL_1KCK_16CK_16MS" value="0x06"/>
        <value caption="Ext. Low-Freq. Crystal; Start-up time PWRDWN/RESET: 32K CK/16 CK + 16 ms" name="EXTLOFXTAL_32KCK_14CK_16MS" value="0x16"/>
        <value caption="Ext. Ceramic Res. 0.4-0.9 MHz; Start-up time PWRDWN/RESET: 258 CK/16 CK + 16 ms" name="EXTCRES_0MHZ4_0MHZ9_258CK_16CK_16MS" value="0x08"/>
        <value caption="Ext. Ceramic Res. 0.4-0.9 MHz; Start-up time PWRDWN/RESET: 1K CK/16 CK + 16 ms" name="EXTCRES_0MHZ4_0MHZ9_1KCK_16CK_16MS" value="0x18"/>
        <value caption="Ext. Crystal Osc. 0.4-0.9 MHz; Start-up time PWRDWN/RESET: 16 K CK/16 CK + 16 ms" name="EXTXOSC_0MHZ4_0MHZ9_16KCK_16CK_16MS" value="0x09"/>
        <value caption="Ext. Ceramic Res. 0.9-3.0 MHz; Start-up time PWRDWN/RESET: 258 CK/16 CK + 16 ms" name="EXTCRES_0MHZ9_3MHZ_258CK_16CK_16MS" value="0x0a"/>
        <value caption="Ext. Ceramic Res. 0.9-3.0 MHz; Start-up time PWRDWN/RESET: 1K CK/16 CK + 16 ms" name="EXTCRES_0MHZ9_3MHZ_1KCK_16CK_16MS" value="0x1a"/>
        <value caption="Ext. Crystal Osc. 0.9-3.0 MHz; Start-up time PWRDWN/RESET: 16 K CK/16 CK + 16 ms" name="EXTXOSC_0MHZ9_3MHZ_16KCK_16CK_16MS" value="0x0b"/>
        <value caption="Ext. Ceramic Res. 3.0-8.0 MHz; Start-up time PWRDWN/RESET: 258 CK/16 CK + 16 ms" name="EXTCRES_3MHZ_8MHZ_258CK_16CK_16MS" value="0x0c"/>
        <value caption="Ext. Ceramic Res. 3.0-8.0 MHz; Start-up time PWRDWN/RESET: 1K CK/16 CK + 16 ms" name="EXTCRES_3MHZ_8MHZ_1KCK_16CK_16MS" value="0x1c"/>
        <value caption="Ext. Crystal Osc. 3.0-8.0 MHz; Start-up time PWRDWN/RESET: 16 K CK/16 CK + 16 ms" name="EXTXOSC_3MHZ_8MHZ_16KCK_16CK_16MS" value="0x0d"/>
        <value caption="Ext. Ceramic Res. 8.0- MHz; Start-up time PWRDWN/RESET: 258 CK/16 CK + 16 ms" name="EXTCRES_8MHZ_XX_258CK_16CK_16MS" value="0x0e"/>
        <value caption="Ext. Ceramic Res. 8.0- MHz; Start-up time PWRDWN/RESET: 1K CK/16 CK + 16 ms" name="EXTCRES_8MHZ_XX_1KCK_16CK_16MS" value="0x1e"/>
        <value caption="Ext. Crystal Osc. 8.0- MHz; Start-up time PWRDWN/RESET: 16 K CK/16 CK + 16 ms" name="EXTXOSC_8MHZ_XX_16KCK_16CK_16MS" value="0x0f"/>
      </value-group>
      <value-group caption="" name="ENUM_BODLEVEL">
        <value caption="Brown-out detection at VCC=4.3 V" name="4V3" value="0x04"/>
        <value caption="Brown-out detection at VCC=2.7 V" name="2V7" value="0x05"/>
        <value caption="Brown-out detection at VCC=1.8 V" name="1V8" value="0x06"/>
      </value-group>
      <value-group caption="" name="ENUM_BODMODE">
        <value caption="Sampled" name="BOD_SAMPLED" value="0x01"/>
        <value caption="Enabled" name="BOD_ENABLED" value="0x02"/>
        <value caption="Disabled" name="BOD_DISABLED" value="0x03"/>
      </value-group>
      <value-group caption="" name="ENUM_ULPOSCSEL">
        <value caption="32 kHz" name="ULPOSC_32KHZ" value="0x07"/>
        <value caption="64 kHz" name="ULPOSC_64KHZ" value="0x06"/>
        <value caption="128 kHz" name="ULPOSC_128KHZ" value="0x05"/>
        <value caption="256 kHz" name="ULPOSC_256KHZ" value="0x04"/>
        <value caption="512 kHz" name="ULPOSC_512KHZ" value="0x03"/>
      </value-group>
    </module>
    <module caption="Lockbits" name="LOCKBIT">
      <register-group caption="Lockbits" name="LOCKBIT">
        <register caption="" name="LOCKBIT" offset="0x00" size="1" initval="0xFF">
          <bitfield caption="Memory Lock" mask="0x03" name="LB" values="ENUM_LB"/>
        </register>
      </register-group>
      <value-group caption="" name="ENUM_LB">
        <value caption="Further programming and verification disabled" name="PROG_VER_DISABLED" value="0x00"/>
        <value caption="Further programming disabled" name="PROG_DISABLED" value="0x02"/>
        <value caption="No memory lock features enabled" name="NO_LOCK" value="0x03"/>
      </value-group>
    </module>
    <module caption="I/O Port" name="PORT">
      <register-group caption="I/O Port" name="PORTB">
        <register caption="Port Control Register" name="PORTCR" offset="0x64" size="1">
          <bitfield caption="Break-Before-Make Mode Enable" mask="0x02" name="BBMB"/>
        </register>
        <register caption="Pull-up Enable Control Register" name="PUEB" offset="0x62" size="1" mask="0x0F"/>
        <register caption="Data Direction Register, Port B" name="DDRB" offset="0x37" size="1" mask="0x0F"/>
        <register caption="Port B Data register" name="PINB" offset="0x36" size="1" mask="0x0F"/>
        <register caption="Input Pins, Port B" name="PORTB" offset="0x38" size="1" mask="0x0F"/>
      </register-group>
      <register-group caption="I/O Port" name="PORTA">
        <register caption="Port Control Register" name="PORTCR" offset="0x64" size="1">
          <bitfield caption="Break-Before-Make Mode Enable" mask="0x01" name="BBMA"/>
        </register>
        <register caption="Pull-up Enable Control Register" name="PUEA" offset="0x63" size="1" mask="0xFF"/>
        <register caption="Port A Data Register" name="PORTA" offset="0x3B" size="1" mask="0xFF"/>
        <register caption="Data Direction Register, Port A" name="DDRA" offset="0x3A" size="1" mask="0xFF"/>
        <register caption="Port A Input Pins" name="PINA" offset="0x39" size="1" mask="0xFF"/>
        <register caption="Port High Drive Enable Register" name="PHDE" offset="0x6A" size="1">
          <bitfield caption="PortA High Drive Enable" mask="0x03" name="PHDEA"/>
        </register>
      </register-group>
    </module>
    <module caption="USART" name="USART">
      <register-group caption="USART" name="USART1">
        <register caption="USART I/O Data Register" name="UDR1" offset="0x90" size="1" mask="0xFF" ocd-rw=""/>
        <register caption="USART Control and Status Register A" name="UCSR1A" offset="0x96" size="1" ocd-rw="R">
          <bitfield caption="USART Receive Complete" mask="0x80" name="RXC1"/>
          <bitfield caption="USART Transmitt Complete" mask="0x40" name="TXC1"/>
          <bitfield caption="USART Data Register Empty" mask="0x20" name="UDRE1"/>
          <bitfield caption="Framing Error" mask="0x10" name="FE1"/>
          <bitfield caption="Data overRun" mask="0x08" name="DOR1"/>
          <bitfield caption="Parity Error" mask="0x04" name="UPE1"/>
          <bitfield caption="Double the USART transmission speed" mask="0x02" name="U2X1"/>
          <bitfield caption="Multi-processor Communication Mode" mask="0x01" name="MPCM1"/>
        </register>
        <register caption="USART Control and Status Register B" name="UCSR1B" offset="0x95" size="1">
          <bitfield caption="RX Complete Interrupt Enable" mask="0x80" name="RXCIE1"/>
          <bitfield caption="TX Complete Interrupt Enable" mask="0x40" name="TXCIE1"/>
          <bitfield caption="USART Data register Empty Interrupt Enable" mask="0x20" name="UDRIE1"/>
          <bitfield caption="Receiver Enable" mask="0x10" name="RXEN1"/>
          <bitfield caption="Transmitter Enable" mask="0x08" name="TXEN1"/>
          <bitfield caption="Character Size" mask="0x04" name="UCSZ12"/>
          <bitfield caption="Receive Data Bit 8" mask="0x02" name="RXB81"/>
          <bitfield caption="Transmit Data Bit 8" mask="0x01" name="TXB81"/>
        </register>
        <register caption="USART Control and Status Register C" name="UCSR1C" offset="0x94" size="1">
          <bitfield caption="USART Mode Select" mask="0xC0" name="UMSEL1" values="COMM_USART_MODE_2BIT"/>
          <bitfield caption="Parity Mode Bits" mask="0x30" name="UPM1" values="COMM_UPM_PARITY_MODE"/>
          <bitfield caption="Stop Bit Select" mask="0x08" name="USBS1" values="COMM_STOP_BIT_SEL"/>
          <bitfield caption="Character Size" mask="0x06" name="UCSZ1"/>
          <bitfield caption="Clock Polarity" mask="0x01" name="UCPOL1"/>
        </register>
        <register caption="USART Control and Status Register D" name="UCSR1D" offset="0x93" size="1">
          <bitfield caption="USART RX Start Interrupt Enable" mask="0x80" name="RXSIE1"/>
          <bitfield caption="USART RX Start Flag" mask="0x40" name="RXS1"/>
          <bitfield caption="USART RX Start Frame Detection Enable" mask="0x20" name="SFDE1"/>
        </register>
        <register caption="USART Baud Rate Register  Bytes" name="UBRR1" offset="0x91" size="2" mask="0x0FFF"/>
      </register-group>
      <register-group caption="USART" name="USART0">
        <register caption="USART I/O Data Register" name="UDR0" offset="0x80" size="1" mask="0xFF" ocd-rw=""/>
        <register caption="USART Control and Status Register A" name="UCSR0A" offset="0x86" size="1" ocd-rw="R">
          <bitfield caption="USART Receive Complete" mask="0x80" name="RXC0"/>
          <bitfield caption="USART Transmitt Complete" mask="0x40" name="TXC0"/>
          <bitfield caption="USART Data Register Empty" mask="0x20" name="UDRE0"/>
          <bitfield caption="Framing Error" mask="0x10" name="FE0"/>
          <bitfield caption="Data overRun" mask="0x08" name="DOR0"/>
          <bitfield caption="Parity Error" mask="0x04" name="UPE0"/>
          <bitfield caption="Double the USART transmission speed" mask="0x02" name="U2X0"/>
          <bitfield caption="Multi-processor Communication Mode" mask="0x01" name="MPCM0"/>
        </register>
        <register caption="USART Control and Status Register B" name="UCSR0B" offset="0x85" size="1">
          <bitfield caption="RX Complete Interrupt Enable" mask="0x80" name="RXCIE0"/>
          <bitfield caption="TX Complete Interrupt Enable" mask="0x40" name="TXCIE0"/>
          <bitfield caption="USART Data register Empty Interrupt Enable" mask="0x20" name="UDRIE0"/>
          <bitfield caption="Receiver Enable" mask="0x10" name="RXEN0"/>
          <bitfield caption="Transmitter Enable" mask="0x08" name="TXEN0"/>
          <bitfield caption="Character Size" mask="0x04" name="UCSZ02"/>
          <bitfield caption="Receive Data Bit 8" mask="0x02" name="RXB80"/>
          <bitfield caption="Transmit Data Bit 8" mask="0x01" name="TXB80"/>
        </register>
        <register caption="USART Control and Status Register C" name="UCSR0C" offset="0x84" size="1">
          <bitfield caption="USART Mode Select" mask="0xC0" name="UMSEL0" values="COMM_USART_MODE_2BIT"/>
          <bitfield caption="Parity Mode Bits" mask="0x30" name="UPM0" values="COMM_UPM_PARITY_MODE"/>
          <bitfield caption="Stop Bit Select" mask="0x08" name="USBS0" values="COMM_STOP_BIT_SEL"/>
          <bitfield caption="Character Size" mask="0x06" name="UCSZ0"/>
          <bitfield caption="Clock Polarity" mask="0x01" name="UCPOL0"/>
        </register>
        <register caption="USART Control and Status Register D" name="UCSR0D" offset="0x83" size="1">
          <bitfield caption="USART RX Start Interrupt Enable" mask="0x80" name="RXSIE0"/>
          <bitfield caption="USART RX Start Flag" mask="0x40" name="RXS0"/>
          <bitfield caption="USART RX Start Frame Detection Enable" mask="0x20" name="SFDE0"/>
        </register>
        <register caption="USART Baud Rate Register  Bytes" name="UBRR0" offset="0x81" size="2" mask="0x0FFF"/>
        <register caption="Remap Port Pins" name="REMAP" offset="0x65" size="1">
          <bitfield caption="USART0 Pin Mapping" mask="0x01" name="U0MAP"/>
        </register>
      </register-group>
      <value-group caption="" name="COMM_USART_MODE_2BIT">
        <value caption="Asynchronous USART" name="VAL_0x00" value="0x00"/>
        <value caption="Synchronous USART" name="VAL_0x01" value="0x01"/>
        <value caption="Master SPI" name="VAL_0x03" value="0x03"/>
      </value-group>
      <value-group caption="" name="COMM_UPM_PARITY_MODE">
        <value caption="Disabled" name="VAL_0x00" value="0x00"/>
        <value caption="Reserved" name="VAL_0x01" value="0x01"/>
        <value caption="Enabled, Even Parity" name="VAL_0x02" value="0x02"/>
        <value caption="Enabled, Odd Parity" name="VAL_0x03" value="0x03"/>
      </value-group>
      <value-group caption="" name="COMM_STOP_BIT_SEL">
        <value caption="1-bit" name="VAL_0x00" value="0x00"/>
        <value caption="2-bit" name="VAL_0x01" value="0x01"/>
      </value-group>
    </module>
    <module caption="Watchdog Timer" name="WDT">
      <register-group caption="Watchdog Timer" name="WDT">
        <register caption="Watchdog Timer Control and Status Register" name="WDTCSR" offset="0x41" size="1">
          <bitfield caption="Watchdog Timer Interrupt Flag" mask="0x80" name="WDIF"/>
          <bitfield caption="Watchdog Timer Interrupt Enable" mask="0x40" name="WDIE"/>
          <bitfield caption="Watchdog Timer Prescaler Bits" mask="0x27" name="WDP" values="WDOG_TIMER_PRESCALE_4BITS_32KHZ"/>
          <bitfield caption="Watch Dog Enable" mask="0x08" name="WDE"/>
        </register>
      </register-group>
      <value-group caption="" name="WDOG_TIMER_PRESCALE_4BITS_32KHZ">
        <value caption="Oscillator Cycles 512 (16 ms)" name="VAL_0x00" value="0x00"/>
        <value caption="Oscillator Cycles 1K (32 ms)" name="VAL_0x01" value="0x01"/>
        <value caption="Oscillator Cycles 2K (64 ms)" name="VAL_0x02" value="0x02"/>
        <value caption="Oscillator Cycles 4K (0.125 s)" name="VAL_0x03" value="0x03"/>
        <value caption="Oscillator Cycles 8K (0.25 s)" name="VAL_0x04" value="0x04"/>
        <value caption="Oscillator Cycles 16K (0.5 s)" name="VAL_0x05" value="0x05"/>
        <value caption="Oscillator Cycles 32K (1.0 s)" name="VAL_0x06" value="0x06"/>
        <value caption="Oscillator Cycles 64K (2.0 s)" name="VAL_0x07" value="0x07"/>
        <value caption="Oscillator Cycles 128K (4.0 s)" name="VAL_0x08" value="0x08"/>
        <value caption="Oscillator Cycles 256K (8.0 s)" name="VAL_0x09" value="0x09"/>
      </value-group>
    </module>
    <module caption="Two Wire Serial Interface" name="TWI">
      <register-group caption="Two Wire Serial Interface" name="TWI">
        <register caption="TWI Slave Control Register A" name="TWSCRA" offset="0xA5" size="1">
          <bitfield caption="TWI SDA Hold Time Enable" mask="0x80" name="TWSHE"/>
          <bitfield caption="TWI Data Interrupt Enable" mask="0x20" name="TWDIE"/>
          <bitfield caption="TWI Address/Stop Interrupt Enable" mask="0x10" name="TWASIE"/>
          <bitfield caption="Two-Wire Interface Enable" mask="0x08" name="TWEN"/>
          <bitfield caption="TWI Stop Interrupt Enable" mask="0x04" name="TWSIE"/>
          <bitfield caption="TWI Promiscuous Mode Enable" mask="0x02" name="TWPME"/>
          <bitfield caption="TWI Smart Mode Enable" mask="0x01" name="TWSME"/>
        </register>
        <register caption="TWI Slave Control Register B" name="TWSCRB" offset="0xA4" size="1">
          <bitfield caption="TWI High Noise Mode" mask="0x08" name="TWHNM"/>
          <bitfield caption="TWI Acknowledge Action" mask="0x04" name="TWAA"/>
          <bitfield caption="" mask="0x03" name="TWCMD"/>
        </register>
        <register caption="TWI Slave Status Register A" name="TWSSRA" offset="0xA3" size="1">
          <bitfield caption="TWI Data Interrupt Flag." mask="0x80" name="TWDIF"/>
          <bitfield caption="TWI Address/Stop Interrupt Flag" mask="0x40" name="TWASIF"/>
          <bitfield caption="TWI Clock Hold" mask="0x20" name="TWCH"/>
          <bitfield caption="TWI Receive Acknowledge" mask="0x10" name="TWRA"/>
          <bitfield caption="TWI Collision" mask="0x08" name="TWC"/>
          <bitfield caption="TWI Bus Error" mask="0x04" name="TWBE"/>
          <bitfield caption="TWI Read/Write Direction" mask="0x02" name="TWDIR"/>
          <bitfield caption="TWI Address or Stop" mask="0x01" name="TWAS"/>
        </register>
        <register caption="TWI Slave Address Register" name="TWSA" offset="0xA2" size="1" mask="0xFF" ocd-rw="R"/>
        <register caption="TWI Slave Data Register" name="TWSD" offset="0xA0" size="1" ocd-rw="R">
          <bitfield caption="TWI slave data bit" mask="0xFF" name="TWSD"/>
        </register>
        <register caption="TWI Slave Address Mask Register" name="TWSAM" offset="0xA1" size="1">
          <bitfield caption="TWI Address Mask Bits" mask="0xFE" name="TWSAM" lsb="1"/>
          <bitfield caption="TWI Address Enable" mask="0x01" name="TWAE"/>
        </register>
      </register-group>
    </module>
    <module caption="Analog-to-Digital Converter" name="ADC">
      <register-group caption="Analog-to-Digital Converter" name="ADC">
        <register caption="The ADC multiplexer Selection Register A" name="ADMUXA" offset="0x29" size="1">
          <bitfield caption="Analog Channel and Gain Selection Bits" mask="0x3F" name="MUX"/>
        </register>
        <register caption="The ADC multiplexer Selection Register B" name="ADMUXB" offset="0x28" size="1">
          <bitfield caption="Reference Selection Bits" mask="0xE0" name="REFS"/>
          <bitfield caption="Gain Selection Bits" mask="0x03" name="GSEL"/>
        </register>
        <register caption="The ADC Control and Status register" name="ADCSRA" offset="0x25" size="1" ocd-rw="R">
          <bitfield caption="ADC Enable" mask="0x80" name="ADEN"/>
          <bitfield caption="ADC Start Conversion" mask="0x40" name="ADSC"/>
          <bitfield caption="ADC Auto Trigger Enable" mask="0x20" name="ADATE"/>
          <bitfield caption="ADC Interrupt Flag" mask="0x10" name="ADIF"/>
          <bitfield caption="ADC Interrupt Enable" mask="0x08" name="ADIE"/>
          <bitfield caption="ADC Prescaler Select Bits" mask="0x07" name="ADPS" values="ANALOG_ADC_PRESCALER"/>
        </register>
        <register caption="ADC Data Register  Bytes" name="ADC" offset="0x26" size="2" mask="0xFFFF"/>
        <register caption="ADC Control and Status Register B" name="ADCSRB" offset="0x24" size="1">
          <bitfield caption="" mask="0x08" name="ADLAR"/>
          <bitfield caption="ADC Auto Trigger Sources" mask="0x07" name="ADTS" values="ANALOG_ADC_AUTO_TRIGGER_T841"/>
        </register>
        <register caption="Digital Input Disable Register 1" name="DIDR1" offset="0x61" size="1">
          <bitfield caption="ADC9 Digital Input Disable" mask="0x08" name="ADC9D"/>
          <bitfield caption="ADC8 Digital input Disable" mask="0x04" name="ADC8D"/>
          <bitfield caption="ADC10 Digital input Disable" mask="0x02" name="ADC10D"/>
          <bitfield caption="ADC11 Digital input Disable" mask="0x01" name="ADC11D"/>
        </register>
        <register caption="Digital Input Disable Register 0" name="DIDR0" offset="0x60" size="1">
          <bitfield caption="ADC7 Digital input Disable" mask="0x80" name="ADC7D"/>
          <bitfield caption="ADC6 Digital input Disable" mask="0x40" name="ADC6D"/>
          <bitfield caption="ADC5 Digital input Disable" mask="0x20" name="ADC5D"/>
          <bitfield caption="ADC4/AIN11 Digital input Disable" mask="0x10" name="ADC4D"/>
          <bitfield caption="ADC3/AIN10 Digital Input Disable" mask="0x08" name="ADC3D"/>
          <bitfield caption="ADC2/AIN01 Digital input Disable" mask="0x04" name="ADC2D"/>
          <bitfield caption="ADC1/AIN00 Digital input Disable" mask="0x02" name="ADC1D"/>
          <bitfield caption="ADC0/AREF Digital input Disable" mask="0x01" name="ADC0D"/>
        </register>
      </register-group>
      <value-group caption="" name="ANALOG_ADC_PRESCALER">
        <value caption="2" name="VAL_0x00" value="0x00"/>
        <value caption="2" name="VAL_0x01" value="0x01"/>
        <value caption="4" name="VAL_0x02" value="0x02"/>
        <value caption="8" name="VAL_0x03" value="0x03"/>
        <value caption="16" name="VAL_0x04" value="0x04"/>
        <value caption="32" name="VAL_0x05" value="0x05"/>
        <value caption="64" name="VAL_0x06" value="0x06"/>
        <value caption="128" name="VAL_0x07" value="0x07"/>
      </value-group>
      <value-group caption="" name="ANALOG_ADC_AUTO_TRIGGER_T841">
        <value caption="Free Running mode" name="VAL_0x00" value="0x00"/>
        <value caption="Analog Comparator 0" name="VAL_0x01" value="0x01"/>
        <value caption="External Interrupt Request 0" name="VAL_0x02" value="0x02"/>
        <value caption="Timer/Counter0 Compare Match A" name="VAL_0x03" value="0x03"/>
        <value caption="Timer/Counter0 Overflow" name="VAL_0x04" value="0x04"/>
        <value caption="Timer/Counter1 Compare Match A" name="VAL_0x05" value="0x05"/>
        <value caption="Timer/Counter1 Overflow" name="VAL_0x06" value="0x06"/>
        <value caption="Timer/Counter1 Capture Event" name="VAL_0x07" value="0x07"/>
      </value-group>
    </module>
    <module caption="Analog Comparator" name="AC">
      <register-group caption="Analog Comparator" name="AC">
        <register caption="Analog Comparator 0 Control And Status Register B" name="ACSR0B" offset="0x2B" size="1">
          <bitfield caption="Analog Comparator 0 Hysteresis Select" mask="0x80" name="HSEL0"/>
          <bitfield caption="Analog Comparator 0 Hysteresis Level" mask="0x40" name="HLEV0"/>
          <bitfield caption="Analog Comparator 0 Output Pin Enable" mask="0x10" name="ACOE0"/>
          <bitfield caption="Analog Comparator 0 Negative Input Multiplexer" mask="0x0C" name="ACNMUX"/>
          <bitfield caption="Analog Comparator 0 Positive Input Multiplexer Bits 1:0" mask="0x03" name="ACPMUX"/>
        </register>
        <register caption="Analog Comparator 0 Control And Status Register A" name="ACSR0A" offset="0x2A" size="1">
          <bitfield caption="Analog Comparator 0 Disable" mask="0x80" name="ACD0"/>
          <bitfield caption="Analog Comparator 0 Positive Input Multiplexer Bit 2" mask="0x40" name="ACPMUX2"/>
          <bitfield caption="Analog Comparator 0 Output" mask="0x20" name="ACO0"/>
          <bitfield caption="Analog Comparator 0 Interrupt Flag" mask="0x10" name="ACI0"/>
          <bitfield caption="Analog Comparator 0 Interrupt Enable" mask="0x08" name="ACIE0"/>
          <bitfield caption="Analog Comparator 0 Input Capture Enable" mask="0x04" name="ACIC0"/>
          <bitfield caption="Analog Comparator 0 Interrupt Mode Select bits" mask="0x03" name="ACIS0" values="ANALOG_COMP_INTERRUPT"/>
        </register>
        <register caption="Analog Comparator 1 Control And Status Register B" name="ACSR1B" offset="0x2D" size="1">
          <bitfield caption="Analog Comparator 1 Hysteresis Select" mask="0x80" name="HSEL1"/>
          <bitfield caption="Analog Comparator 1 Hysteresis Level" mask="0x40" name="HLEV1"/>
          <bitfield caption="Analog Comparator 1 Output Pin Enable" mask="0x10" name="ACOE1"/>
          <bitfield caption="Analog Comparator 1 Multiplexer Enable" mask="0x04" name="ACME1"/>
        </register>
        <register caption="Analog Comparator 1 Control And Status Register A" name="ACSR1A" offset="0x2C" size="1">
          <bitfield caption="Analog Comparator 1 Disable" mask="0x80" name="ACD1"/>
          <bitfield caption="Analog Comparator 1 Bandgap Select" mask="0x40" name="ACBG1"/>
          <bitfield caption="Analog Comparator 1 Output" mask="0x20" name="ACO1"/>
          <bitfield caption="Analog Comparator 1 Interrupt Flag" mask="0x10" name="ACI1"/>
          <bitfield caption="Analog Comparator 1 Interrupt Enable" mask="0x08" name="ACIE1"/>
          <bitfield caption="Analog Comparator 1 Input Capture Enable" mask="0x04" name="ACIC1"/>
          <bitfield caption="Analog Comparator 1 Interrupt Mode Select bits" mask="0x03" name="ACIS1" values="ANALOG_COMP_INTERRUPT"/>
        </register>
      </register-group>
      <value-group caption="" name="ANALOG_COMP_INTERRUPT">
        <value caption="Interrupt on Toggle" name="VAL_0x00" value="0x00"/>
        <value caption="Reserved" name="VAL_0x01" value="0x01"/>
        <value caption="Interrupt on Falling Edge" name="VAL_0x02" value="0x02"/>
        <value caption="Interrupt on Rising Edge" name="VAL_0x03" value="0x03"/>
      </value-group>
    </module>
    <module caption="EEPROM" name="EEPROM">
      <register-group caption="EEPROM" name="EEPROM">
        <register caption="EEPROM Address Register  Bytes" name="EEAR" offset="0x3E" size="2" mask="0x01FF"/>
        <register caption="EEPROM Data Register" name="EEDR" offset="0x3D" size="1" mask="0xFF"/>
        <register caption="EEPROM Control Register" name="EECR" offset="0x3C" size="1">
          <bitfield caption="EEPROM Programming Mode Bits" mask="0x30" name="EEPM" values="EEP_MODE"/>
          <bitfield caption="EEPROM Ready Interrupt Enable" mask="0x08" name="EERIE"/>
          <bitfield caption="EEPROM Master Write Enable" mask="0x04" name="EEMPE"/>
          <bitfield caption="EEPROM Write Enable" mask="0x02" name="EEPE"/>
          <bitfield caption="EEPROM Read Enable" mask="0x01" name="EERE"/>
        </register>
      </register-group>
      <value-group caption="" name="EEP_MODE">
        <value caption="Erase and Write in one operation" name="VAL_0x00" value="0x00"/>
        <value caption="Erase Only" name="VAL_0x01" value="0x01"/>
        <value caption="Write Only" name="VAL_0x02" value="0x02"/>
      </value-group>
    </module>
    <module caption="Timer/Counter, 16-bit" name="TC16">
      <register-group caption="Timer/Counter, 16-bit" name="TC1">
        <register caption="Timer/Counter1 Interrupt Mask Register" name="TIMSK1" offset="0x2F" size="1">
          <bitfield caption="Timer/Counter1 Input Capture Interrupt Enable" mask="0x20" name="ICIE1"/>
          <bitfield caption="Timer/Counter1 Output Compare B Match Interrupt Enable" mask="0x04" name="OCIE1B"/>
          <bitfield caption="Timer/Counter1 Output Compare A Match Interrupt Enable" mask="0x02" name="OCIE1A"/>
          <bitfield caption="Timer/Counter1 Overflow Interrupt Enable" mask="0x01" name="TOIE1"/>
        </register>
        <register caption="Timer/Counter Interrupt Flag register" name="TIFR1" offset="0x2E" size="1" ocd-rw="R">
          <bitfield caption="Timer/Counter1 Input Capture Flag" mask="0x20" name="ICF1"/>
          <bitfield caption="Timer/Counter1 Output Compare B Match Flag" mask="0x04" name="OCF1B"/>
          <bitfield caption="Timer/Counter1 Output Compare A Match Flag" mask="0x02" name="OCF1A"/>
          <bitfield caption="Timer/Counter1 Overflow Flag" mask="0x01" name="TOV1"/>
        </register>
        <register caption="Timer/Counter1 Control Register A" name="TCCR1A" offset="0x4F" size="1">
          <bitfield caption="Compare Output Mode 1A, bits" mask="0xC0" name="COM1A"/>
          <bitfield caption="Compare Output Mode 1B, bits" mask="0x30" name="COM1B"/>
          <bitfield caption="Pulse Width Modulator Select Bits" mask="0x03" name="WGM1"/>
        </register>
        <register caption="Timer/Counter1 Control Register B" name="TCCR1B" offset="0x4E" size="1">
          <bitfield caption="Input Capture 1 Noise Canceler" mask="0x80" name="ICNC1"/>
          <bitfield caption="Input Capture 1 Edge Select" mask="0x40" name="ICES1"/>
          <bitfield caption="Waveform Generation Mode Bits" mask="0x18" name="WGM1" lsb="2"/>
          <bitfield caption="Clock Select bits" mask="0x07" name="CS1" values="CLK_SEL_3BIT_EXT"/>
        </register>
        <register caption="Timer/Counter1 Control Register C" name="TCCR1C" offset="0x42" size="1" ocd-rw="">
          <bitfield caption="Force Output Compare for Channel A" mask="0x80" name="FOC1A"/>
          <bitfield caption="Force Output Compare for Channel B" mask="0x40" name="FOC1B"/>
        </register>
        <register caption="Timer/Counter1  Bytes" name="TCNT1" offset="0x4C" size="2" mask="0xFFFF"/>
        <register caption="Timer/Counter1 Output Compare Register A  Bytes" name="OCR1A" offset="0x4A" size="2" mask="0xFFFF"/>
        <register caption="Timer/Counter1 Output Compare Register B  Bytes" name="OCR1B" offset="0x48" size="2" mask="0xFFFF"/>
        <register caption="Timer/Counter1 Input Capture Register  Bytes" name="ICR1" offset="0x44" size="2" mask="0xFFFF"/>
        <register caption="General Timer/Counter Control Register" name="GTCCR" offset="0x43" size="1">
          <bitfield caption="Timer/Counter Synchronization Mode" mask="0x80" name="TSM"/>
          <bitfield caption="Prescaler Reset Timer/CounterN" mask="0x01" name="PSR"/>
        </register>
      </register-group>
      <value-group caption="" name="CLK_SEL_3BIT_EXT">
        <value caption="No Clock Source (Stopped)" name="VAL_0x00" value="0x00"/>
        <value caption="Running, No Prescaling" name="VAL_0x01" value="0x01"/>
        <value caption="Running, CLK/8" name="VAL_0x02" value="0x02"/>
        <value caption="Running, CLK/64" name="VAL_0x03" value="0x03"/>
        <value caption="Running, CLK/256" name="VAL_0x04" value="0x04"/>
        <value caption="Running, CLK/1024" name="VAL_0x05" value="0x05"/>
        <value caption="Running, ExtClk Tx Falling Edge" name="VAL_0x06" value="0x06"/>
        <value caption="Running, ExtClk Tx Rising Edge" name="VAL_0x07" value="0x07"/>
      </value-group>
    </module>
    <module caption="Timer/Counter, 8-bit Async" name="TC8_ASYNC">
      <register-group caption="Timer/Counter, 8-bit Async" name="TC2">
        <register caption="Timer/Counter2 Interrupt Mask Register" name="TIMSK2" offset="0x31" size="1">
          <bitfield caption="Timer/Counter2 Input Capture Interrupt Enable" mask="0x20" name="ICIE2"/>
          <bitfield caption="Timer/Counter2 Output Compare B Match Interrupt Enable" mask="0x04" name="OCIE2B"/>
          <bitfield caption="Timer/Counter2 Output Compare A Match Interrupt Enable" mask="0x02" name="OCIE2A"/>
          <bitfield caption="Timer/Counter2 Overflow Interrupt Enable" mask="0x01" name="TOIE2"/>
        </register>
        <register caption="Timer/Counter Interrupt Flag register" name="TIFR2" offset="0x30" size="1" ocd-rw="R">
          <bitfield caption="Timer/Counter2 Input Capture Flag" mask="0x20" name="ICF2"/>
          <bitfield caption="Timer/Counter2 Output Compare B Match Flag" mask="0x04" name="OCF2B"/>
          <bitfield caption="Timer/Counter2 Output Compare A Match Flag" mask="0x02" name="OCF2A"/>
          <bitfield caption="Timer/Counter2 Overflow Flag" mask="0x01" name="TOV2"/>
        </register>
        <register caption="Timer/Counter2 Control Register A" name="TCCR2A" offset="0xCA" size="1">
          <bitfield caption="Compare Output Mode 2A, bits" mask="0xC0" name="COM2A"/>
          <bitfield caption="Compare Output Mode 2B, bits" mask="0x30" name="COM2B"/>
          <bitfield caption="Pulse Width Modulator Select Bits" mask="0x03" name="WGM2"/>
        </register>
        <register caption="Timer/Counter2 Control Register B" name="TCCR2B" offset="0xC9" size="1">
          <bitfield caption="Input Capture 2 Noise Canceler" mask="0x80" name="ICNC2"/>
          <bitfield caption="Input Capture 2 Edge Select" mask="0x40" name="ICES2"/>
          <bitfield caption="Waveform Generation Mode Bits" mask="0x18" name="WGM2" lsb="2"/>
          <bitfield caption="Clock Select bits" mask="0x07" name="CS2" values="CLK_SEL_3BIT_EXT"/>
        </register>
        <register caption="Timer/Counter2 Control Register C" name="TCCR2C" offset="0xC8" size="1" ocd-rw="">
          <bitfield caption="Force Output Compare for Channel A" mask="0x80" name="FOC2A"/>
          <bitfield caption="Force Output Compare for Channel B" mask="0x40" name="FOC2B"/>
        </register>
        <register caption="Timer/Counter2  Bytes" name="TCNT2" offset="0xC6" size="2" mask="0xFFFF"/>
        <register caption="Timer/Counter2 Output Compare Register A  Bytes" name="OCR2A" offset="0xC4" size="2" mask="0xFFFF"/>
        <register caption="Timer/Counter2 Output Compare Register B  Bytes" name="OCR2B" offset="0xC2" size="2" mask="0xFFFF"/>
        <register caption="Timer/Counter2 Input Capture Register  Bytes" name="ICR2" offset="0xC0" size="2" mask="0xFFFF"/>
        <register caption="General Timer/Counter Control Register" name="GTCCR" offset="0x43" size="1">
          <bitfield caption="Timer/Counter Synchronization Mode" mask="0x80" name="TSM"/>
          <bitfield caption="Prescaler Reset Timer/CounterN" mask="0x01" name="PSR"/>
        </register>
      </register-group>
      <value-group caption="" name="CLK_SEL_3BIT_EXT">
        <value caption="No Clock Source (Stopped)" name="VAL_0x00" value="0x00"/>
        <value caption="Running, No Prescaling" name="VAL_0x01" value="0x01"/>
        <value caption="Running, CLK/8" name="VAL_0x02" value="0x02"/>
        <value caption="Running, CLK/64" name="VAL_0x03" value="0x03"/>
        <value caption="Running, CLK/256" name="VAL_0x04" value="0x04"/>
        <value caption="Running, CLK/1024" name="VAL_0x05" value="0x05"/>
        <value caption="Running, ExtClk Tx Falling Edge" name="VAL_0x06" value="0x06"/>
        <value caption="Running, ExtClk Tx Rising Edge" name="VAL_0x07" value="0x07"/>
      </value-group>
    </module>
    <module caption="Timer/Counter, 8-bit" name="TC8">
      <register-group caption="Timer/Counter, 8-bit" name="TC0">
        <register caption="Timer/Counter Interrupt Mask Register" name="TIMSK0" offset="0x59" size="1">
          <bitfield caption="Timer/Counter0 Output Compare Match B Interrupt Enable" mask="0x04" name="OCIE0B"/>
          <bitfield caption="Timer/Counter0 Output Compare Match A Interrupt Enable" mask="0x02" name="OCIE0A"/>
          <bitfield caption="Timer/Counter0 Overflow Interrupt Enable" mask="0x01" name="TOIE0"/>
        </register>
        <register caption="Timer/Counter0 Interrupt Flag Register" name="TIFR0" offset="0x58" size="1" ocd-rw="R">
          <bitfield caption="Timer/Counter0 Output Compare Flag B" mask="0x04" name="OCF0B"/>
          <bitfield caption="Timer/Counter0 Output Compare Flag A" mask="0x02" name="OCF0A"/>
          <bitfield caption="Timer/Counter0 Overflow Flag" mask="0x01" name="TOV0"/>
        </register>
        <register caption="Timer/Counter  Control Register A" name="TCCR0A" offset="0x50" size="1">
          <bitfield caption="Compare Match Output A Mode bits" mask="0xC0" name="COM0A"/>
          <bitfield caption="Compare Match Output B Mode bits" mask="0x30" name="COM0B"/>
          <bitfield caption="Waveform Generation Mode bits" mask="0x03" name="WGM0"/>
        </register>
        <register caption="Timer/Counter Control Register B" name="TCCR0B" offset="0x53" size="1">
          <bitfield caption="Force Output Compare A" mask="0x80" name="FOC0A"/>
          <bitfield caption="Force Output Compare B" mask="0x40" name="FOC0B"/>
          <bitfield caption="Waveform Generation Mode bit 2" mask="0x08" name="WGM02"/>
          <bitfield caption="Clock Select bits" mask="0x07" name="CS0" values="CLK_SEL_3BIT_EXT"/>
        </register>
        <register caption="Timer/Counter0" name="TCNT0" offset="0x52" size="1" mask="0xFF"/>
        <register caption="Timer/Counter0 Output Compare Register A" name="OCR0A" offset="0x56" size="1" mask="0xFF"/>
        <register caption="Timer/Counter0 Output Compare Register B" name="OCR0B" offset="0x5C" size="1" mask="0xFF"/>
        <register caption="General Timer/Counter Control Register" name="GTCCR" offset="0x43" size="1">
          <bitfield caption="Timer/Counter Synchronization Mode" mask="0x80" name="TSM"/>
          <bitfield caption="Prescaler Reset Timer/CounterN" mask="0x01" name="PSR"/>
        </register>
      </register-group>
      <value-group caption="" name="CLK_SEL_3BIT_EXT">
        <value caption="No Clock Source (Stopped)" name="VAL_0x00" value="0x00"/>
        <value caption="Running, No Prescaling" name="VAL_0x01" value="0x01"/>
        <value caption="Running, CLK/8" name="VAL_0x02" value="0x02"/>
        <value caption="Running, CLK/64" name="VAL_0x03" value="0x03"/>
        <value caption="Running, CLK/256" name="VAL_0x04" value="0x04"/>
        <value caption="Running, CLK/1024" name="VAL_0x05" value="0x05"/>
        <value caption="Running, ExtClk Tx Falling Edge" name="VAL_0x06" value="0x06"/>
        <value caption="Running, ExtClk Tx Rising Edge" name="VAL_0x07" value="0x07"/>
      </value-group>
    </module>
    <module caption="External Interrupts" name="EXINT">
      <register-group caption="External Interrupts" name="EXINT">
        <register caption="MCU Control Register" name="MCUCR" offset="0x55" size="1">
          <bitfield caption="Interrupt Sense Control 0 Bit 1" mask="0x02" name="ISC01"/>
          <bitfield caption="Interrupt Sense Control 0 Bit 0" mask="0x01" name="ISC00" values="INTERRUPT_SENSE_CONTROL"/>
        </register>
        <register caption="General Interrupt Mask Register" name="GIMSK" offset="0x5B" size="1">
          <bitfield caption="External Interrupt Request 0 Enable" mask="0x40" name="INT0"/>
          <bitfield caption="Pin Change Interrupt Enables" mask="0x30" name="PCIE"/>
        </register>
        <register caption="General Interrupt Flag register" name="GIFR" offset="0x5A" size="1" ocd-rw="R">
          <bitfield caption="External Interrupt Flag 0" mask="0x40" name="INTF0"/>
          <bitfield caption="Pin Change Interrupt Flags" mask="0x30" name="PCIF"/>
        </register>
        <register caption="Pin Change Enable Mask 1" name="PCMSK1" offset="0x40" size="1" mask="0x0F">
          <bitfield caption="Pin Change Enable Mask 1 Bit 0" mask="0x01" name="PCINT8"/>
          <bitfield caption="Pin Change Enable Mask 1 Bit 1" mask="0x02" name="PCINT9"/>
          <bitfield caption="Pin Change Enable Mask 1 Bit 2" mask="0x04" name="PCINT10"/>
          <bitfield caption="Pin Change Enable Mask 1 Bit 3" mask="0x08" name="PCINT11"/>
        </register>
        <register caption="Pin Change Enable Mask 0" name="PCMSK0" offset="0x32" size="1" mask="0xFF">
          <bitfield caption="Pin Change Enable Mask 0 Bit 0" mask="0x01" name="PCINT0"/>
          <bitfield caption="Pin Change Enable Mask 0 Bit 1" mask="0x02" name="PCINT1"/>
          <bitfield caption="Pin Change Enable Mask 0 Bit 2" mask="0x04" name="PCINT2"/>
          <bitfield caption="Pin Change Enable Mask 0 Bit 3" mask="0x08" name="PCINT3"/>
          <bitfield caption="Pin Change Enable Mask 0 Bit 4" mask="0x10" name="PCINT4"/>
          <bitfield caption="Pin Change Enable Mask 0 Bit 5" mask="0x20" name="PCINT5"/>
          <bitfield caption="Pin Change Enable Mask 0 Bit 6" mask="0x40" name="PCINT6"/>
          <bitfield caption="Pin Change Enable Mask 0 Bit 7" mask="0x80" name="PCINT7"/>
        </register>
      </register-group>
      <value-group caption="Interrupt Sense Control" name="INTERRUPT_SENSE_CONTROL">
        <value caption="Low Level of INTX" name="VAL_0x00" value="0x00"/>
        <value caption="Reserved" name="VAL_0x01" value="0x01"/>
        <value caption="Falling Edge of INTX" name="VAL_0x02" value="0x02"/>
        <value caption="Rising Edge of INTX" name="VAL_0x03" value="0x03"/>
      </value-group>
    </module>
    <module caption="CPU Registers" name="CPU">
      <register-group caption="CPU Registers" name="CPU">
        <register caption="Power Reduction Register" name="PRR" offset="0x70" size="1">
          <bitfield caption="Power Reduction TWI" mask="0x80" name="PRTWI"/>
          <bitfield caption="Power Reduction USART1" mask="0x40" name="PRUSART1"/>
          <bitfield caption="Power Reduction USART0" mask="0x20" name="PRUSART0"/>
          <bitfield caption="Power Reduction SPI" mask="0x10" name="PRSPI"/>
          <bitfield caption="Power Reduction Timer/Counter2" mask="0x08" name="PRTIM2"/>
          <bitfield caption="Power Reduction Timer/Counter1" mask="0x04" name="PRTIM1"/>
          <bitfield caption="Power Reduction Timer/Counter0" mask="0x02" name="PRTIM0"/>
          <bitfield caption="Power Reduction ADC" mask="0x01" name="PRADC"/>
        </register>
        <register caption="Configuration Change Protection" name="CCP" offset="0x71" size="1" mask="0xFF"/>
        <register caption="Clock Prescale Register" name="CLKPR" offset="0x73" size="1">
          <bitfield caption="Clock Prescaler Select Bits" mask="0x0F" name="CLKPS" values="CPU_CLK_PRESCALE_4_BITS_SMALL"/>
        </register>
        <register caption="Clock Control Register" name="CLKCR" offset="0x72" size="1">
          <bitfield caption="Oscillator Ready" mask="0x80" name="OSCRDY"/>
          <bitfield caption="Clock Switch Trigger" mask="0x40" name="CSTR"/>
          <bitfield caption="Clock Output (Copy). Active low." mask="0x20" name="CKOUTC"/>
          <bitfield caption="Start-up Time" mask="0x10" name="SUT"/>
          <bitfield caption="Clock Select Bits" mask="0x0F" name="CKSEL"/>
        </register>
        <register caption="Status Register" name="SREG" offset="0x5F" size="1">
          <bitfield caption="Global Interrupt Enable" mask="0x80" name="I"/>
          <bitfield caption="Bit Copy Storage" mask="0x40" name="T"/>
          <bitfield caption="Half Carry Flag" mask="0x20" name="H"/>
          <bitfield caption="Sign Bit" mask="0x10" name="S"/>
          <bitfield caption="Two's Complement Overflow Flag" mask="0x08" name="V"/>
          <bitfield caption="Negative Flag" mask="0x04" name="N"/>
          <bitfield caption="Zero Flag" mask="0x02" name="Z"/>
          <bitfield caption="Carry Flag" mask="0x01" name="C"/>
        </register>
        <register caption="Stack Pointer " name="SP" offset="0x5D" size="2" mask="0x07FF"/>
        <register caption="MCU Control Register" name="MCUCR" offset="0x55" size="1">
          <bitfield caption="Sleep Enable" mask="0x20" name="SE"/>
          <bitfield caption="Sleep Mode Select Bits" mask="0x18" name="SM" values="CPU_SLEEP_MODE"/>
          <bitfield caption="Interrupt Sense Control 0 bits" mask="0x03" name="ISC0"/>
        </register>
        <register caption="MCU Status Register" name="MCUSR" offset="0x54" size="1">
          <bitfield caption="Watchdog Reset Flag" mask="0x08" name="WDRF"/>
          <bitfield caption="Brown-out Reset Flag" mask="0x04" name="BORF"/>
          <bitfield caption="External Reset Flag" mask="0x02" name="EXTRF"/>
          <bitfield caption="Power-on reset flag" mask="0x01" name="PORF"/>
        </register>
        <register caption="General Purpose I/O Register 2" name="GPIOR2" offset="0x35" size="1" mask="0xFF"/>
        <register caption="General Purpose I/O Register 1" name="GPIOR1" offset="0x34" size="1" mask="0xFF"/>
        <register caption="General Purpose I/O Register 0" name="GPIOR0" offset="0x33" size="1" mask="0xFF"/>
        <register caption="Store Program Memory Control and Status Register" name="SPMCSR" offset="0x57" size="1" ocd-rw="R">
          <bitfield caption="Read Device Signature Imprint Table" mask="0x20" name="RSIG"/>
          <bitfield caption="Clear Temporary Page Buffer" mask="0x10" name="CTPB"/>
          <bitfield caption="Read Fuse and Lock Bits" mask="0x08" name="RFLB"/>
          <bitfield caption="Page Write" mask="0x04" name="PGWRT"/>
          <bitfield caption="Page Erase" mask="0x02" name="PGERS"/>
          <bitfield caption="Store program Memory Enable" mask="0x01" name="SPMEN"/>
        </register>
        <register caption="Oscillator Calibration Register 8MHz" name="OSCCAL0" offset="0x74" size="1" mask="0xFF"/>
        <register caption="Oscillator Calibration Register 32kHz" name="OSCCAL1" offset="0x77" size="1" mask="0x03"/>
        <register caption="Oscillator Temperature Calibration Register A" name="OSCTCAL0A" offset="0x75" size="1" mask="0xFF"/>
        <register caption="Oscillator Temperature Calibration Register B" name="OSCTCAL0B" offset="0x76" size="1" mask="0xFF"/>
      </register-group>
      <value-group caption="Oscillator Calibration Values" name="OSCCAL_VALUE_ADDRESSES">
        <value value="0x00" caption="8.0 MHz" name="8_0_MHz"/>
        <value value="0x03" caption="32 kHz" name="32_kHz"/>
      </value-group>
      <value-group caption="" name="CPU_CLK_PRESCALE_4_BITS_SMALL">
        <value caption="1" name="VAL_0x00" value="0x00"/>
        <value caption="2" name="VAL_0x01" value="0x01"/>
        <value caption="4" name="VAL_0x02" value="0x02"/>
        <value caption="8" name="VAL_0x03" value="0x03"/>
        <value caption="16" name="VAL_0x04" value="0x04"/>
        <value caption="32" name="VAL_0x05" value="0x05"/>
        <value caption="64" name="VAL_0x06" value="0x06"/>
        <value caption="128" name="VAL_0x07" value="0x07"/>
        <value caption="256" name="VAL_0x08" value="0x08"/>
      </value-group>
      <value-group caption="" name="CPU_SLEEP_MODE">
        <value caption="Idle" name="IDLE" value="0x00"/>
        <value caption="ADC Noise Reduction (If Available)" name="ADC" value="0x01"/>
        <value caption="Power Down" name="PDOWN" value="0x02"/>
        <value caption="Standby" name="STDBY" value="0x03"/>
      </value-group>
      <parameters>
        <param name="CORE_VERSION" value="V2"/>
        <param name="NEW_INSTRUCTIONS" value="lpm rd,z+"/>
      </parameters>
    </module>
    <module caption="Timer/Counter Output Compare Pin" name="TOCPM">
      <register-group caption="Timer/Counter Output Compare Pin" name="TOCPM">
        <register caption="Timer Output Compare Pin Mux Selection 1" name="TOCPMSA1" offset="0x68" size="1">
          <bitfield caption="Timer Output Compare Channel 7 Selection Bits" mask="0xC0" name="TOCC7S"/>
          <bitfield caption="Timer Output Compare Channel 6 Selection Bits" mask="0x30" name="TOCC6S"/>
          <bitfield caption="Timer Output Compare Channel 5 Selection Bits" mask="0x0C" name="TOCC5S"/>
          <bitfield caption="Timer Output Compare Channel 4 Selection Bits" mask="0x03" name="TOCC4S"/>
        </register>
        <register caption="Timer Output Compare Pin Mux Selection 0" name="TOCPMSA0" offset="0x67" size="1">
          <bitfield caption="Timer Output Compare Channel 3 Selection Bits" mask="0xC0" name="TOCC3S"/>
          <bitfield caption="Timer Output Compare Channel 2 Selection Bits" mask="0x30" name="TOCC2S"/>
          <bitfield caption="Timer Output Compare Channel 1 Selection Bits" mask="0x0C" name="TOCC1S"/>
          <bitfield caption="Timer Output Compare Channel 0 Selection Bits" mask="0x03" name="TOCC0S"/>
        </register>
        <register caption="Timer Output Compare Pin Mux Channel Output Enable" name="TOCPMCOE" offset="0x66" size="1">
          <bitfield caption="Timer Output Compare Channel 7 Output Enable" mask="0x80" name="TOCC7OE"/>
          <bitfield caption="Timer Output Compare Channel 6 Output Enable" mask="0x40" name="TOCC6OE"/>
          <bitfield caption="Timer Output Compare Channel 5 Output Enable" mask="0x20" name="TOCC5OE"/>
          <bitfield caption="Timer Output Compare Channel 4 Output Enable" mask="0x10" name="TOCC4OE"/>
          <bitfield caption="Timer Output Compare Channel 3 Output Enable" mask="0x08" name="TOCC3OE"/>
          <bitfield caption="Timer Output Compare Channel 2 Output Enable" mask="0x04" name="TOCC2OE"/>
          <bitfield caption="Timer Output Compare Channel 1 Output Enable" mask="0x02" name="TOCC1OE"/>
          <bitfield caption="Timer Output Compare Channel 0 Output Enable" mask="0x01" name="TOCC0OE"/>
        </register>
      </register-group>
    </module>
    <module caption="Serial Peripheral Interface" name="SPI">
      <register-group caption="Serial Peripheral Interface" name="SPI">
        <register caption="SPI Control Register" name="SPCR" offset="0xB2" size="1">
          <bitfield caption="SPI Interrupt Enable" mask="0x80" name="SPIE"/>
          <bitfield caption="SPI Enable" mask="0x40" name="SPE"/>
          <bitfield caption="Data Order" mask="0x20" name="DORD"/>
          <bitfield caption="Master/Slave Select" mask="0x10" name="MSTR"/>
          <bitfield caption="Clock polarity" mask="0x08" name="CPOL"/>
          <bitfield caption="Clock Phase" mask="0x04" name="CPHA"/>
          <bitfield caption="SPI Clock Rate Selects" mask="0x03" name="SPR" values="COMM_SCK_RATE"/>
        </register>
        <register caption="SPI Status Register" name="SPSR" offset="0xB1" size="1">
          <bitfield caption="SPI Interrupt Flag" mask="0x80" name="SPIF"/>
          <bitfield caption="Write Collision Flag" mask="0x40" name="WCOL"/>
          <bitfield caption="Double SPI Speed Bit" mask="0x01" name="SPI2X"/>
        </register>
        <register caption="SPI Data Register" name="SPDR" offset="0xB0" size="1" mask="0xFF"/>
        <register caption="Remap Port Pins" name="REMAP" offset="0x65" size="1">
          <bitfield caption="SPI Pin Mapping" mask="0x02" name="SPIMAP"/>
        </register>
      </register-group>
      <value-group caption="" name="COMM_SCK_RATE">
        <value caption="fcl/4" name="VAL_0x00" value="0x00"/>
        <value caption="fcl/16" name="VAL_0x01" value="0x01"/>
        <value caption="fcl/64" name="VAL_0x02" value="0x02"/>
        <value caption="fcl/128" name="VAL_0x03" value="0x03"/>
      </value-group>
    </module>
  </modules>
  <pinouts>
    <pinout name="SOIC_14">
      <pin pad="GND" position="14"/>
      <pin pad="PA0" position="13"/>
      <pin pad="PA1" position="12"/>
      <pin pad="PA2" position="11"/>
      <pin pad="PA3" position="10"/>
      <pin pad="PA4" position="9"/>
      <pin pad="PA5" position="8"/>
      <pin pad="PA6" position="7"/>
      <pin pad="PA7" position="6"/>
      <pin pad="PB2" position="5"/>
      <pin pad="PB3" position="4"/>
      <pin pad="PB1" position="3"/>
      <pin pad="PB0" position="2"/>
      <pin pad="VCC" position="1"/>
    </pinout>
    <pinout name="QFN_20">
      <pin pad="PA4" position="1"/>
      <pin pad="PA3" position="2"/>
      <pin pad="PA2" position="3"/>
      <pin pad="PA1" position="4"/>
      <pin pad="PA0" position="5"/>
      <pin pad="GND" position="8"/>
      <pin pad="VCC" position="9"/>
      <pin pad="PB0" position="11"/>
      <pin pad="PB1" position="12"/>
      <pin pad="PB3" position="13"/>
      <pin pad="PB2" position="14"/>
      <pin pad="PA7" position="15"/>
      <pin pad="PA6" position="16"/>
      <pin pad="PA5" position="20"/>
    </pinout>
  </pinouts>
</avr-tools-device-file>
